id,observed_on,image_url,latitude,longitude,color_max_x,color_min_x,color_max_y,color_min_y,red,green,blue
4261491,2019-01-19,https://inaturalist-open-data.s3.amazonaws.com/photos/5100635/medium.jpeg,43.731548,-79.762418,115,112,186,184,0.726797385620915,0.7248366013071895,0.7042483660130718
12294619,2019-03-29,https://static.inaturalist.org/photos/17686928/medium.jpg,40.8714705008,-73.921780279,117,109,119,113,0.43560535325241206,0.46075319016495486,0.42913165266106446
19352271,2019-01-01,https://static.inaturalist.org/photos/29758411/medium.jpg,40.93325,-75.27613,178,141,183,153,0.39101168480974735,0.3394886647358434,0.2922833649588868
19352915,2019-01-01,https://inaturalist-open-data.s3.amazonaws.com/photos/29759307/medium.jpeg,38.9335656989,-79.9652937037,320,307,119,109,0.6998472116119175,0.6974789915966386,0.7058314234784823
19357024,2019-01-01,https://inaturalist-open-data.s3.amazonaws.com/photos/29765821/medium.jpeg,42.971658644,-81.2887046582,126,106,167,153,0.1315655150949269,0.13330843448490506,0.12741985683162155
19359919,2019-01-01,https://inaturalist-open-data.s3.amazonaws.com/photos/29771457/medium.jpg,38.4665666667,-78.0191945,91,79,227,218,0.16301659125188536,0.15984917043740574,0.14096530920060332
19361826,2019-01-01,https://static.inaturalist.org/photos/29774984/medium.jpg,42.574829892,-86.2308435108,219,198,100,84,0.091076858550907,0.04518192303659432,0.03690888119953864
19361868,2019-01-01,https://inaturalist-open-data.s3.amazonaws.com/photos/29775049/medium.jpeg,40.7047550794,-79.5571341933,297,279,190,169,0.6857960409044,0.6438784126090628,0.6888451074209588
19363000,2019-01-01,https://inaturalist-open-data.s3.amazonaws.com/photos/29776852/medium.jpg,38.8392216667,-77.2121716667,177,171,117,112,0.665172735760971,0.6366013071895424,0.6048552754435107
19363210,2019-01-01,https://inaturalist-open-data.s3.amazonaws.com/photos/29777197/medium.jpg,32.1946883333,-94.76529,146,107,208,178,0.156505376344086,0.15672675521821633,0.15616698292220113
19363568,2019-01-01,https://inaturalist-open-data.s3.amazonaws.com/photos/29777843/medium.jpg,45.4290473682,-122.5216483708,119,87,110,85,0.4798528269116504,0.44080625257095846,0.3253165135518077
19363825,2019-01-01,https://inaturalist-open-data.s3.amazonaws.com/photos/29774540/medium.jpeg,42.3862223902,-87.8298568726,219,216,141,139,0.4454248366013072,0.4343137254901961,0.43137254901960786
19363998,2019-01-01,https://inaturalist-open-data.s3.amazonaws.com/photos/29778454/medium.jpeg,39.144555,-84.5086533333,287,282,142,136,0.4936507936507937,0.47908496732026146,0.4645191409897293
19367614,2019-01-01,https://inaturalist-open-data.s3.amazonaws.com/photos/29784675/medium.jpg,40.6820116667,-73.4600216667,78,75,218,217,0.6230392156862745,0.6642156862745098,0.7029411764705882
19368279,2019-01-01,https://static.inaturalist.org/photos/29785891/medium.jpeg,47.5502520635,-122.1232264861,217,206,183,171,0.4980643539467069,0.5571644042232278,0.6252388134741076
19369284,2019-01-01,https://inaturalist-open-data.s3.amazonaws.com/photos/29785203/medium.jpeg,31.2982745169,-85.376669436,173,144,126,106,0.6057889822595705,0.5773731714908186,0.5323685029567382
19374511,2019-01-01,https://inaturalist-open-data.s3.amazonaws.com/photos/29796514/medium.jpeg,43.3025183333,-79.8439233333,159,130,156,131,0.08391151332327802,0.08391151332327802,0.08391151332327802
19374606,2019-01-01,https://inaturalist-open-data.s3.amazonaws.com/photos/29796675/medium.jpeg,43.3151236,-79.8494562,228,201,153,123,0.20946055841691516,0.20487937110328003,0.2624152886961236
19375862,2019-01-01,https://inaturalist-open-data.s3.amazonaws.com/photos/29798687/medium.jpg,29.7716161513,-95.5696825794,203,170,161,132,0.7652941176470588,0.76760092272203,0.7481930026912725
19376667,2019-01-02,https://static.inaturalist.org/photos/29806641/medium.jpeg,28.08360834,-81.30286164,28,20,203,199,0.5675816993464052,0.5623529411764706,0.31302832244008716
19377479,2019-01-02,https://static.inaturalist.org/photos/29801205/medium.jpeg,43.51350089,-79.88841428,36,24,187,180,0.6382730015082956,0.5930241327300151,0.5477752639517346
19377629,2019-01-02,https://static.inaturalist.org/photos/29801414/medium.jpeg,43.51358339,-79.88772713,39,28,194,185,0.7703921568627451,0.6267320261437909,0.4461437908496732
19379425,2019-01-01,https://inaturalist-open-data.s3.amazonaws.com/photos/29804422/medium.jpg,38.6850366667,-90.46885,147,128,153,142,0.40660130718954246,0.41785947712418303,0.4577450980392157
19381010,2019-01-02,https://inaturalist-open-data.s3.amazonaws.com/photos/29806737/medium.jpeg,43.5463085346,-79.5837163925,182,177,215,211,0.5003921568627451,0.4828758169934641,0.4409150326797386
19381491,2019-01-02,https://static.inaturalist.org/photos/29807633/medium.jpg,32.4758375623,-86.3623044827,89,80,180,171,0.4066666666666667,0.4030196078431372,0.3770588235294118
19381519,2019-01-02,https://inaturalist-open-data.s3.amazonaws.com/photos/29807658/medium.jpeg,31.33151,-94.707243,154,115,128,102,0.4147276688453159,0.4208061002178649,0.44410675381263615
19381818,2019-01-02,https://static.inaturalist.org/photos/29808087/medium.jpg,40.9925327648,-74.3581993753,105,97,187,181,0.5838779956427015,0.5527544351073763,0.5198879551820729
19381947,2019-01-02,https://inaturalist-open-data.s3.amazonaws.com/photos/29808380/medium.jpg,39.738025,-75.6093,-1,-10,196,186,0.14209903253459608,0.14650637493026358,0.12504932576778108
19383125,2019-01-01,https://inaturalist-open-data.s3.amazonaws.com/photos/29809944/medium.jpeg,41.845381,-87.87001,198,178,108,92,0.4681276432141484,0.4355247981545559,0.40310869445817543
19384468,2019-01-02,https://inaturalist-open-data.s3.amazonaws.com/photos/29812072/medium.jpeg,45.3705063095,-75.7969968232,307,278,184,148,0.2733933933933934,0.24144850733086023,0.19027027027027027
19384566,2019-01-02,https://inaturalist-open-data.s3.amazonaws.com/photos/29812249/medium.jpeg,45.3738527346,-75.7968251618,123,88,201,174,0.7574151882975413,0.7244203236850295,0.5567032368502957
19386169,2019-01-02,https://inaturalist-open-data.s3.amazonaws.com/photos/29843400/medium.jpg,40.7875924185,-73.9823122044,142,113,211,174,0.4155761953904369,0.3915032679738562,0.3578603371173031
19386209,2019-01-02,https://static.inaturalist.org/photos/29815362/medium.jpeg,28.47537202,-81.46479462,47,37,216,206,0.8478690649813644,0.867671366067088,0.8602171447091234
19386211,2019-01-02,https://static.inaturalist.org/photos/29815372/medium.jpeg,28.47572928,-81.46553745,50,36,245,230,0.23187908496732024,0.24547385620915033,0.2313562091503268
19386213,2019-01-02,https://static.inaturalist.org/photos/29815380/medium.jpeg,28.47536611,-81.46583998,42,36,209,202,0.3130952380952381,0.47282913165266105,0.26176470588235295
19388186,2019-01-02,https://inaturalist-open-data.s3.amazonaws.com/photos/29818855/medium.jpeg,43.3148366667,-79.84915,148,128,332,301,0.08596521942110177,0.08611694677871148,0.10461601307189544
19391665,2019-01-02,https://static.inaturalist.org/photos/29824816/medium.jpg,40.6643216667,-73.9762716667,56,53,164,160,0.44058823529411767,0.3711764705882353,0.281764705882353
19397654,2019-01-02,https://inaturalist-open-data.s3.amazonaws.com/photos/29834267/medium.jpeg,39.1146918,-84.4936469,214,194,155,141,0.7662496109554933,0.7493432928727046,0.7419358854652972
19397898,2019-01-03,https://inaturalist-open-data.s3.amazonaws.com/photos/29834617/medium.jpg,40.726472376,-73.5920152798,110,106,174,172,0.7803921568627451,0.7699346405228759,0.7207843137254902
19399148,2019-01-02,https://static.inaturalist.org/photos/29836424/medium.jpeg,31.38708,-85.6635429,197,188,127,121,0.35086834733893557,0.3780952380952381,0.2903641456582633
19400277,2019-01-01,https://inaturalist-open-data.s3.amazonaws.com/photos/29838474/medium.jpeg,40.7828647,-73.9653551,199,179,175,158,0.6384168482207698,0.55965349102604,0.4588235294117647
19400369,2019-01-03,https://inaturalist-open-data.s3.amazonaws.com/photos/29838598/medium.jpeg,43.7214124,-79.4059811,137,132,204,200,0.7901960784313725,0.8044444444444444,0.8573856209150327
19401278,2019-01-03,https://static.inaturalist.org/photos/29839430/medium.jpg,41.4798465,-81.8306338,170,151,112,97,0.10926470588235294,0.11589460784313724,0.1349142156862745
19401643,2019-01-03,https://static.inaturalist.org/photos/29840810/medium.jpg,42.440369321,-71.0664001623,86,81,200,197,0.9939542483660132,0.996078431372549,0.9975490196078431
19402668,2019-01-03,https://static.inaturalist.org/photos/29842407/medium.jpeg,39.0749359131,-77.105506897,101,98,164,161,0.6980392156862745,0.6237745098039216,0.5463235294117647
19403788,2019-01-03,https://inaturalist-open-data.s3.amazonaws.com/photos/29844466/medium.jpg,47.6571139126,-122.30966447,123,118,223,220,0.31323529411764706,0.29901960784313725,0.2849673202614379
19406007,2019-01-03,https://static.inaturalist.org/photos/29848102/medium.jpg,27.9417709261,-82.455005888,79,70,191,186,0.3374509803921569,0.3072549019607843,0.2561437908496732
19410796,2019-01-03,https://static.inaturalist.org/photos/29855902/medium.jpg,35.6944805907,-78.7655843953,96,70,203,188,0.4091775599128541,0.3945533769063181,0.4088779956427015
19414131,2019-01-03,https://inaturalist-open-data.s3.amazonaws.com/photos/29862069/medium.jpg,38.9213797875,-77.1173045467,204,189,128,118,0.156951871657754,0.1446524064171123,0.1319073083778966
19416545,2019-01-03,https://inaturalist-open-data.s3.amazonaws.com/photos/29866841/medium.jpeg,43.2842216667,-79.8835983333,178,127,149,99,0.15907047585248277,0.15853813621979712,0.15831337059710762
19416873,2019-01-03,https://inaturalist-open-data.s3.amazonaws.com/photos/29867369/medium.jpeg,43.3023233333,-79.8440533333,215,166,142,104,0.5407340372046254,0.4985158371040724,0.4361488185017597
19416883,2019-01-03,https://inaturalist-open-data.s3.amazonaws.com/photos/29867391/medium.jpeg,43.3023583333,-79.8440216667,210,152,130,82,0.19333563934048195,0.1846067240455504,0.17292340665079592
19417960,2019-01-04,https://inaturalist-open-data.s3.amazonaws.com/photos/29869732/medium.jpeg,43.31482,-79.8490816667,214,196,87,67,0.2988353236031255,0.29565089193572164,0.2915917244090619
19419211,2019-01-04,https://inaturalist-open-data.s3.amazonaws.com/photos/29871757/medium.jpeg,32.599027886,-85.4834258929,54,50,139,134,0.24209150326797385,0.2279738562091503,0.21908496732026145
19419226,2019-01-04,https://inaturalist-open-data.s3.amazonaws.com/photos/29872510/medium.jpeg,31.33151,-94.707243,255,217,129,91,0.457114127702363,0.42048445939848655,0.3492671230227791
19420044,2019-01-04,https://inaturalist-open-data.s3.amazonaws.com/photos/29872963/medium.jpg,43.0332227564,-76.1205103901,154,140,229,220,0.3989281045751634,0.3888627450980392,0.314797385620915
19420887,2019-01-04,https://inaturalist-open-data.s3.amazonaws.com/photos/29874251/medium.jpeg,27.17451021,-82.46176302,106,93,211,203,0.3742296918767507,0.3251167133520075,0.2617491441020853
19421130,2019-01-04,https://inaturalist-open-data.s3.amazonaws.com/photos/29874666/medium.jpeg,41.6745468489,-70.0650380963,179,161,165,152,0.5680377414123544,0.6140645731977001,0.6125755565384048
19422594,2019-01-03,https://static.inaturalist.org/photos/29877192/medium.jpg,36.9895561648,-121.9151272821,215,193,178,163,0.3804347826086957,0.4847506393861892,0.5715579710144928
19423537,2019-01-03,https://inaturalist-open-data.s3.amazonaws.com/photos/29879141/medium.jpg,44.9405948513,-93.1050042067,152,113,197,159,0.4283031674208145,0.4114630467571644,0.37527400703871294
19425046,2019-01-04,https://inaturalist-open-data.s3.amazonaws.com/photos/29881496/medium.jpg,40.7904125099,-73.9307062515,92,85,143,140,0.685906862745098,0.660906862745098,0.6555147058823529
19425785,2019-01-02,https://inaturalist-open-data.s3.amazonaws.com/photos/29882898/medium.jpeg,43.7861463678,-72.6155081765,234,228,149,146,0.6197478991596639,0.6683473389355742,0.7133053221288516
19427320,2019-01-04,https://inaturalist-open-data.s3.amazonaws.com/photos/29885605/medium.jpg,40.7906461135,-73.9307445568,144,122,156,139,0.5786871270247229,0.5738183195983707,0.5581131003125888
19428549,2019-01-04,https://inaturalist-open-data.s3.amazonaws.com/photos/29887411/medium.jpg,41.9781724764,-87.7437947531,231,205,149,126,0.33276446381021546,0.3256656983781167,0.3017429193899782
19429133,2019-01-04,https://inaturalist-open-data.s3.amazonaws.com/photos/29888538/medium.jpeg,43.3147883333,-79.8492066667,115,88,241,200,0.29074963318660796,0.31778378017873815,0.20824663198612775
19429166,2019-01-04,https://inaturalist-open-data.s3.amazonaws.com/photos/29888595/medium.jpeg,43.31479,-79.8491966667,141,124,159,133,0.18395868635520052,0.17781812313402728,0.1802630517227467
19431617,2019-01-01,https://static.inaturalist.org/photos/29892384/medium.jpeg,27.987921,-81.865875,210,194,111,98,0.4146482122260669,0.409391992090954,0.4087329049266766
19431991,2019-01-01,https://inaturalist-open-data.s3.amazonaws.com/photos/29893032/medium.jpg,36.164375,-86.71898,198,184,119,107,0.47203619909502265,0.451322272498743,0.4279738562091503
19433109,2019-01-04,https://inaturalist-open-data.s3.amazonaws.com/photos/29895103/medium.jpeg,45.5074012621,-75.3373604349,186,169,222,198,0.7772287581699346,0.7479738562091504,0.682326797385621
19440646,2019-01-05,https://inaturalist-open-data.s3.amazonaws.com/photos/29907470/medium.jpg,42.8092466667,-70.8694166667,107,92,185,175,0.4873885918003565,0.4874554367201426,0.4851158645276292
19448637,2019-01-05,https://inaturalist-open-data.s3.amazonaws.com/photos/29921105/medium.jpg,32.844375,-84.8299716667,118,107,205,198,0.40955882352941175,0.2922385620915033,0.2133986928104575
19448774,2019-01-05,https://inaturalist-open-data.s3.amazonaws.com/photos/29921328/medium.jpg,45.3870864,-75.7032037,212,200,188,163,0.3486947441698573,0.3421626638821209,0.3510848126232742
19450223,2019-01-05,https://inaturalist-open-data.s3.amazonaws.com/photos/29923683/medium.jpg,32.2743383333,-94.5693683333,213,186,152,133,0.4043697478991597,0.388515406162465,0.38468487394957984
19451444,2019-01-05,https://inaturalist-open-data.s3.amazonaws.com/photos/29925743/medium.jpeg,41.844925,-87.871355,79,71,142,136,0.7581076875194522,0.6879551820728291,0.570432617491441
19452711,2019-01-05,https://inaturalist-open-data.s3.amazonaws.com/photos/29928061/medium.jpeg,43.314815,-79.8491266667,209,182,175,151,0.21368627450980393,0.2163249299719888,0.21975350140056021
19452750,2019-01-05,https://static.inaturalist.org/photos/29928119/medium.jpg,36.5538901162,-87.3044833644,66,57,93,85,0.21185185185185185,0.17790849673202613,0.14836601307189545
19453168,2019-01-05,https://inaturalist-open-data.s3.amazonaws.com/photos/29928416/medium.jpeg,42.3219789086,-81.8472862776,186,178,154,151,0.23137254901960785,0.21154684095860568,0.2019607843137255
19454814,2019-01-05,https://inaturalist-open-data.s3.amazonaws.com/photos/29931631/medium.jpeg,29.3806131076,-95.6160713704,178,172,131,125,0.2388955582232893,0.21968787515006,0.1513405362144858
19459083,2019-01-05,https://static.inaturalist.org/photos/29938790/medium.jpeg,29.8851524391,-95.5642207972,233,213,111,89,0.5588194698169122,0.5762188933544432,0.5887143263102342
19466349,2019-01-06,https://inaturalist-open-data.s3.amazonaws.com/photos/29950283/medium.jpg,36.779895,-76.1339278333,75,67,201,193,0.3375453885257807,0.39670781893004115,0.28641975308641976
19466662,2019-01-06,https://static.inaturalist.org/photos/29950815/medium.jpeg,40.116808584,-75.0201925635,51,47,118,115,0.4476470588235294,0.4364705882352941,0.44058823529411767
19467595,2019-01-06,https://inaturalist-open-data.s3.amazonaws.com/photos/29952110/medium.jpeg,38.5768051147,-90.4913482666,115,94,255,231,0.6028377896613191,0.5682352941176471,0.49997147950089127
19472864,2019-01-06,https://inaturalist-open-data.s3.amazonaws.com/photos/29960380/medium.jpeg,44.3733915573,-79.6876424501,208,195,133,127,0.723889555822329,0.6988395358143257,0.6881552621048419
19473404,2019-01-06,https://inaturalist-open-data.s3.amazonaws.com/photos/29961221/medium.jpg,40.7831065078,-73.9342788701,104,102,213,210,0.6437908496732025,0.5754901960784313,0.476797385620915
19473455,2019-01-06,https://inaturalist-open-data.s3.amazonaws.com/photos/29961285/medium.jpg,40.7843021443,-73.9327930101,85,73,289,282,0.5739819004524886,0.5186274509803922,0.4594645550527903
19474303,2019-01-06,https://inaturalist-open-data.s3.amazonaws.com/photos/29974032/medium.jpg,38.8698235406,-77.1321985208,160,142,146,123,0.29231166150670795,0.3260405916752666,0.3726608187134503
19475031,2019-01-06,https://static.inaturalist.org/photos/29963681/medium.jpeg,43.2814376413,-79.9009650604,206,184,121,98,0.06123188405797102,0.0648408638817846,0.06327081557260586
19475619,2019-01-06,https://inaturalist-open-data.s3.amazonaws.com/photos/29964971/medium.jpg,40.7838769304,-73.9310849459,120,114,149,146,0.07633053221288515,0.08389355742296918,0.092296918767507
19475934,2019-01-06,https://inaturalist-open-data.s3.amazonaws.com/photos/29965456/medium.jpeg,43.3147666667,-79.8490383333,218,201,127,115,0.3289089994972348,0.3153343388637506,0.2957097368862075
19482689,2019-01-06,https://inaturalist-open-data.s3.amazonaws.com/photos/29976892/medium.jpg,27.9594033333,-82.4635166667,84,75,172,168,0.4215686274509804,0.5312156862745098,0.43254901960784314
19483535,2019-01-06,https://inaturalist-open-data.s3.amazonaws.com/photos/29978217/medium.jpg,40.0900775,-83.1042389,154,142,174,164,0.1591114767585356,0.20222130810366104,0.2488139311668723
19486309,2019-01-06,https://static.inaturalist.org/photos/29983153/medium.jpg,49.2600793688,-123.1878166515,115,90,198,184,0.32122674710910004,0.28568124685771745,0.22587229763700353
19491733,2019-01-06,https://inaturalist-open-data.s3.amazonaws.com/photos/29992254/medium.jpeg,30.4513868866,-88.6569873066,163,158,218,212,0.16862745098039217,0.1442577030812325,0.14612511671335202
19492331,2019-01-07,https://inaturalist-open-data.s3.amazonaws.com/photos/29993463/medium.jpg,40.51827,-79.8236383333,149,142,187,182,0.6246732026143791,0.6426470588235295,0.609967320261438
19492846,2019-01-07,https://inaturalist-open-data.s3.amazonaws.com/photos/29994513/medium.jpeg,31.33151,-94.707243,167,126,92,58,0.3889502467653728,0.3691049753234627,0.34316659997332266
19495078,2019-01-07,https://inaturalist-open-data.s3.amazonaws.com/photos/29998189/medium.jpeg,43.5411633333,-80.2150583333,215,197,227,203,0.09292879256965944,0.09292879256965944,0.09292879256965944
19495483,2019-01-07,https://inaturalist-open-data.s3.amazonaws.com/photos/29998978/medium.jpeg,43.3149,-79.8491733333,221,205,82,67,0.2938869665513264,0.29137831603229525,0.28284313725490196
19495580,2019-01-06,https://inaturalist-open-data.s3.amazonaws.com/photos/29999126/medium.jpg,39.0639638333,-78.0647138333,122,110,217,211,0.21193708252531784,0.20228399051928464,0.2065934065934066
19497082,2019-01-05,https://inaturalist-open-data.s3.amazonaws.com/photos/30001260/medium.jpg,41.9715543421,-87.7035224305,198,176,159,145,0.4836828644501278,0.46933788007956806,0.46944018186984937
19497817,2019-01-07,https://inaturalist-open-data.s3.amazonaws.com/photos/30002690/medium.jpeg,42.5508579396,-71.2442528578,199,168,172,143,0.3812949346405229,0.37453022875816994,0.3757883986928104
19502009,2019-01-05,https://inaturalist-open-data.s3.amazonaws.com/photos/30010068/medium.jpeg,49.2334629607,-122.7934360215,172,161,124,117,0.4535130718954248,0.39272875816993463,0.2694035947712418
19503955,2019-01-06,https://inaturalist-open-data.s3.amazonaws.com/photos/30013372/medium.jpg,40.0722016,-82.8775218,193,185,169,157,0.5961119490531255,0.5294788000670354,0.4512820512820513
19504601,2019-01-04,https://inaturalist-open-data.s3.amazonaws.com/photos/30014775/medium.jpg,38.0729866961,-122.5880334046,221,204,145,133,0.7035696329813977,0.6197921903804257,0.5146639852522206
19505341,2019-01-07,https://inaturalist-open-data.s3.amazonaws.com/photos/30015781/medium.jpg,37.4887883333,-122.24108,90,82,229,223,0.24936196700902585,0.27942732648615004,0.189666977902272
19514871,2019-01-08,https://inaturalist-open-data.s3.amazonaws.com/photos/30031869/medium.jpg,37.3371283333,-121.8802416667,110,99,184,174,0.3228163992869875,0.29408793820558526,0.2579916815210933
19516300,2019-01-07,https://inaturalist-open-data.s3.amazonaws.com/photos/30033831/medium.jpeg,47.7550908266,-122.3623842773,162,157,145,142,0.3215686274509804,0.3310457516339869,0.32075163398692813
19516313,2019-01-08,https://static.inaturalist.org/photos/30034049/medium.jpg,29.9613026949,-90.0691083726,107,101,160,156,0.3697478991596639,0.3657142857142857,0.3434173669467787
19518455,2019-01-08,https://inaturalist-open-data.s3.amazonaws.com/photos/30036944/medium.jpeg,43.2928,-79.8786233333,222,176,142,101,0.3514293660726702,0.3539245485428214,0.3670322029521028
19519891,2019-01-08,https://inaturalist-open-data.s3.amazonaws.com/photos/30039216/medium.jpeg,47.604349,-122.1569574,200,196,139,136,0.1411764705882353,0.2192156862745098,0.18215686274509804
19520113,2019-01-08,https://inaturalist-open-data.s3.amazonaws.com/photos/30039564/medium.jpg,37.5355916667,-122.233605,82,76,181,177,0.6346218487394958,0.6614005602240897,0.5215686274509804
19523270,2019-01-02,https://inaturalist-open-data.s3.amazonaws.com/photos/30044877/medium.jpg,41.9487749614,-71.2930147199,234,226,138,128,0.5512774806892454,0.5398296692414339,0.5092889681124976
19523379,2019-01-02,https://inaturalist-open-data.s3.amazonaws.com/photos/30045072/medium.jpg,41.8697271469,-71.2592298722,175,151,162,143,0.690564705882353,0.6773490196078431,0.6552235294117648
19523432,2019-01-02,https://inaturalist-open-data.s3.amazonaws.com/photos/30045076/medium.jpg,41.8699487406,-71.2637669834,135,121,152,142,0.8048722519310755,0.7777777777777778,0.7389661319073084
19523940,2019-01-02,https://inaturalist-open-data.s3.amazonaws.com/photos/30045933/medium.jpg,41.8062197142,-71.3579956162,220,198,153,130,0.7769820971867007,0.761821540210287,0.7484157431088377
19526820,2019-01-07,https://inaturalist-open-data.s3.amazonaws.com/photos/30050685/medium.jpeg,33.6777367073,-84.8446861231,197,191,100,96,0.5433053221288515,0.4652100840336134,0.3923809523809524
19527760,2019-01-06,https://static.inaturalist.org/photos/30052177/medium.jpeg,46.7231750488,-122.9339828491,86,78,229,226,0.4740740740740741,0.3867102396514161,0.3974945533769063
19531094,2019-01-09,https://inaturalist-open-data.s3.amazonaws.com/photos/30066538/medium.jpg,44.0414695,-79.9439783333,90,80,183,176,0.818939393939394,0.8262032085561497,0.7586898395721925
19532985,2019-01-08,https://inaturalist-open-data.s3.amazonaws.com/photos/30061594/medium.jpeg,43.8746313889,-78.7960830556,199,179,129,112,0.69234360410831,0.7206764187156344,0.7544558564166407
19533012,2019-01-09,https://inaturalist-open-data.s3.amazonaws.com/photos/30061667/medium.jpg,29.75598702,-95.5747572727,197,167,162,143,0.5049968374446553,0.3845477545857052,0.24359898798228968
19534711,2019-01-09,https://inaturalist-open-data.s3.amazonaws.com/photos/30064327/medium.jpg,36.9180875,-121.8379746,261,242,106,90,0.6667474048442906,0.6781891580161477,0.6580161476355249
19535924,2019-01-09,https://static.inaturalist.org/photos/30066256/medium.jpg,36.9730916667,-122.0324333333,86,75,188,181,0.19722222222222224,0.16638071895424836,0.13905228758169935
19536809,2019-01-01,https://inaturalist-open-data.s3.amazonaws.com/photos/30067364/medium.jpeg,35.4131503105,-80.5653785701,274,272,243,241,0.2871459694989107,0.23965141612200436,0.2540305010893246
19536839,2019-01-02,https://static.inaturalist.org/photos/30067670/medium.jpeg,45.5882113874,-122.7777391671,322,316,194,190,0.24717086834733895,0.31495798319327734,0.2004481792717087
19537038,2019-01-08,https://static.inaturalist.org/photos/30068027/medium.jpg,40.5118182324,-81.5386530357,86,79,160,155,0.2263071895424837,0.19648692810457516,0.15187908496732025
19539123,2019-01-02,https://inaturalist-open-data.s3.amazonaws.com/photos/30071345/medium.png,38.0574817994,-76.6480159226,193,189,111,109,0.7286274509803922,0.6836601307189543,0.6967320261437908
19540231,2019-01-09,https://inaturalist-open-data.s3.amazonaws.com/photos/30073314/medium.jpeg,35.8995419148,-79.0317737093,243,227,169,158,0.2080161476355248,0.18596693579392545,0.21361014994232988
19541540,2019-01-06,https://inaturalist-open-data.s3.amazonaws.com/photos/30075358/medium.jpg,38.9462283333,-92.4465733333,166,151,148,138,0.204144385026738,0.1940285204991087,0.1752896613190731
19546025,2019-01-03,https://inaturalist-open-data.s3.amazonaws.com/photos/30083756/medium.jpeg,28.1486159758,-82.2327761394,84,71,227,218,0.2678151260504202,0.2673389355742297,0.216218487394958
19546152,2019-01-03,https://inaturalist-open-data.s3.amazonaws.com/photos/30083964/medium.jpeg,28.1499636313,-82.2268582539,192,183,145,139,0.27086834733893556,0.2828011204481793,0.23635854341736695
19546194,2019-01-03,https://inaturalist-open-data.s3.amazonaws.com/photos/30084034/medium.jpeg,28.149115,-82.228906,206,202,146,144,0.41751633986928105,0.4423529411764706,0.4402614379084968
19546404,2019-01-09,https://inaturalist-open-data.s3.amazonaws.com/photos/30083707/medium.jpeg,32.1651816667,-81.1149433333,144,129,126,112,0.5933823529411765,0.7984477124183007,0.996062091503268
19547212,2019-01-09,https://inaturalist-open-data.s3.amazonaws.com/photos/30085746/medium.jpg,48.4628348561,-123.3102263945,113,104,181,176,0.5982352941176471,0.6006535947712418,0.6138562091503268
19547679,2019-01-09,https://inaturalist-open-data.s3.amazonaws.com/photos/30086241/medium.jpeg,41.3208587555,-88.9925415285,219,209,148,140,0.6436918201624084,0.6406020994256288,0.6369578134284016
19554563,2019-01-10,https://inaturalist-open-data.s3.amazonaws.com/photos/30097551/medium.jpg,48.4641033333,-123.3139633333,93,86,185,177,0.3221132897603486,0.31034858387799563,0.23583877995642705
19554571,2019-01-10,https://inaturalist-open-data.s3.amazonaws.com/photos/30097570/medium.jpg,48.4619466667,-123.3132866667,131,123,160,155,0.6151053013798112,0.5649237472766885,0.5736383442265796
19554794,2019-01-09,https://static.inaturalist.org/photos/30098056/medium.jpeg,41.9235502139,-87.6941440813,337,332,209,205,0.2988235294117647,0.30209150326797385,0.3803921568627451
19557736,2019-01-10,https://inaturalist-open-data.s3.amazonaws.com/photos/30102774/medium.jpeg,33.3472584623,-93.1837506926,176,169,103,99,0.43,0.432843137254902,0.3656862745098039
19558545,2019-01-10,https://inaturalist-open-data.s3.amazonaws.com/photos/30104152/medium.jpg,49.8788981525,-119.4166546394,237,226,136,129,0.5431781045751634,0.5491830065359478,0.5464869281045752
19559763,2019-01-10,https://inaturalist-open-data.s3.amazonaws.com/photos/30106591/medium.jpg,47.6146329364,-122.2302686907,183,168,141,128,0.5462535014005602,0.5275560224089636,0.4848389355742297
19559990,2019-01-05,https://static.inaturalist.org/photos/30106897/medium.jpeg,26.570637,-81.827484,134,109,196,172,0.5420874811463047,0.5241387631975867,0.5348536953242835
19560581,2019-01-10,https://static.inaturalist.org/photos/30107838/medium.jpeg,32.5209385351,-94.7543891519,54,49,116,111,0.1726579520697168,0.24030501089324616,0.1687363834422658
19561634,2019-01-10,https://inaturalist-open-data.s3.amazonaws.com/photos/30109554/medium.jpg,48.4650779292,-123.3172997833,99,88,290,283,0.37855392156862744,0.2872140522875817,0.11384803921568629
19562366,2019-01-10,https://inaturalist-open-data.s3.amazonaws.com/photos/30110980/medium.jpeg,40.6027552265,-74.5327904364,235,222,224,214,0.3212885154061625,0.2652915711739241,0.23700025464731347
19565143,2019-01-10,https://static.inaturalist.org/photos/30116179/medium.jpg,37.4365420944,-122.1688983208,37,15,227,215,0.5182372614597679,0.5115745294773427,0.4824840973178569
19569377,2019-01-10,https://inaturalist-open-data.s3.amazonaws.com/photos/30123396/medium.jpeg,43.3148733333,-79.84911,171,145,235,216,0.6374146695715324,0.6137981118373276,0.6052432824981845
19573208,2019-01-10,https://inaturalist-open-data.s3.amazonaws.com/photos/30129691/medium.jpeg,31.33151,-94.707243,196,168,144,127,0.571722635414319,0.5704004207046803,0.5642325895875592
19574004,2019-01-11,https://inaturalist-open-data.s3.amazonaws.com/photos/30130954/medium.jpeg,43.3148,-79.849085,137,91,199,173,0.4403436394258255,0.4384060322316476,0.44381402679275017
19577698,2019-01-11,https://static.inaturalist.org/photos/30137415/medium.jpg,29.8829273321,-95.695891874,83,81,160,158,0.5642701525054467,0.5681917211328976,0.5132897603485839
19590540,2019-01-12,https://inaturalist-open-data.s3.amazonaws.com/photos/30158708/medium.jpg,30.0839118753,-95.6949869637,71,55,123,116,0.6425893886966552,0.5929930795847751,0.5408016147635525
19592153,2019-01-12,https://inaturalist-open-data.s3.amazonaws.com/photos/30161376/medium.jpg,37.3952966667,-122.0708555,160,148,164,158,0.25774617539323424,0.2737341090282267,0.2712346477052359
19593113,2019-01-08,https://static.inaturalist.org/photos/30162933/medium.jpeg,35.3836209772,-78.9404897858,111,104,186,183,0.5270833333333333,0.5164215686274509,0.501593137254902
19597417,2019-01-12,https://inaturalist-open-data.s3.amazonaws.com/photos/30169997/medium.jpg,37.7726533333,-122.4803,147,134,237,226,0.469094304388422,0.4222689075630252,0.37250233426704016
19597738,2019-01-12,https://inaturalist-open-data.s3.amazonaws.com/photos/30170588/medium.jpeg,45.3683568427,-75.7945271652,350,241,166,53,0.22324670857178597,0.2062660662351065,0.1775169653188229
19597740,2019-01-12,https://inaturalist-open-data.s3.amazonaws.com/photos/30170619/medium.jpg,31.6126461031,-89.0567581747,32,28,179,174,0.6720261437908497,0.6087581699346405,0.4956862745098039
19597995,2019-01-12,https://inaturalist-open-data.s3.amazonaws.com/photos/30171244/medium.jpeg,45.2980727064,-75.8214055801,110,25,261,180,0.1863835040539188,0.1886974074939108,0.20134741361093503
19599196,2019-01-12,https://static.inaturalist.org/photos/30173187/medium.jpg,40.7412801757,-73.5507078283,144,109,262,233,0.2657116920842411,0.2286092955700799,0.1794734931009441
19599563,2019-01-12,https://inaturalist-open-data.s3.amazonaws.com/photos/30173953/medium.jpg,31.3724416667,-94.7257916667,54,37,192,179,0.22615935262994089,0.23436041083099907,0.18132586367880485
19600731,2019-01-03,https://inaturalist-open-data.s3.amazonaws.com/photos/30175891/medium.jpg,43.4685866667,-80.5419616667,103,96,115,108,0.2852941176470588,0.2455269607843137,0.20980392156862743
19601742,2019-01-11,https://static.inaturalist.org/photos/30177770/medium.jpg,41.3179883333,-72.199455,94,88,245,239,0.16070428171268508,0.1390956382553021,0.12004801920768308
19601801,2019-01-12,https://static.inaturalist.org/photos/30177868/medium.jpg,37.3469166667,-93.3930583333,77,72,249,245,0.8858823529411765,0.888235294117647,0.8733333333333333
19606612,2019-01-12,https://inaturalist-open-data.s3.amazonaws.com/photos/30186341/medium.jpeg,38.5755964557,-121.4628230408,165,145,117,103,0.45858699035169626,0.445452847805789,0.4155119825708061
19610299,2019-01-01,https://inaturalist-open-data.s3.amazonaws.com/photos/30192457/medium.jpeg,29.8066414,-95.7655343,73,66,114,106,0.47423747276688455,0.4483115468409586,0.42706971677559913
19614683,2019-01-13,https://inaturalist-open-data.s3.amazonaws.com/photos/30200124/medium.jpeg,42.5374969495,-83.8470863003,231,215,122,108,0.3697193387158786,0.31458669742406764,0.2647443291041907
19614745,2019-01-13,https://inaturalist-open-data.s3.amazonaws.com/photos/30200209/medium.jpeg,27.9372683,-81.5773804,88,80,195,190,0.4991285403050109,0.5036310820624547,0.48053740014524327
19614749,2019-01-13,https://inaturalist-open-data.s3.amazonaws.com/photos/30200195/medium.jpeg,42.54108389,-83.8467541566,215,207,112,108,0.745272331154684,0.7363834422657952,0.7283660130718954
19614775,2019-01-13,https://inaturalist-open-data.s3.amazonaws.com/photos/30200270/medium.jpeg,42.5411649003,-83.8464854617,143,129,145,138,0.5284313725490196,0.4540196078431373,0.4257843137254902
19614812,2019-01-13,https://inaturalist-open-data.s3.amazonaws.com/photos/30200326/medium.jpeg,42.5410700416,-83.8466142589,129,123,135,130,0.6212885154061625,0.5404295051353875,0.3881419234360411
19615377,2019-01-13,https://inaturalist-open-data.s3.amazonaws.com/photos/30201128/medium.jpeg,31.374448,-94.727525,191,181,106,98,0.5464448405624877,0.5537730243612596,0.5590810061398297
19615411,2019-01-01,https://inaturalist-open-data.s3.amazonaws.com/photos/30201227/medium.jpeg,34.1619624172,-80.8963365794,206,191,174,165,0.5473529411764706,0.5395833333333333,0.5356127450980392
19616814,2019-01-06,https://inaturalist-open-data.s3.amazonaws.com/photos/30203294/medium.jpeg,34.1619624172,-80.8963365794,200,182,142,130,0.5291577359688815,0.4845598158291657,0.462697467651028
19616947,2019-01-06,https://inaturalist-open-data.s3.amazonaws.com/photos/30203433/medium.jpeg,34.1619624172,-80.8963365794,247,236,202,192,0.6951277480689245,0.6072192513368984,0.4637551990493167
19617406,2019-01-06,https://inaturalist-open-data.s3.amazonaws.com/photos/30204060/medium.jpeg,34.1619624172,-80.8963365794,212,204,166,158,0.8039699830549504,0.7834906802227064,0.7128540305010893
19617653,2019-01-12,https://inaturalist-open-data.s3.amazonaws.com/photos/30204559/medium.jpeg,34.1619624172,-80.8963365794,190,181,169,162,0.5963235294117647,0.5566176470588236,0.5512745098039216
19617665,2019-01-12,https://inaturalist-open-data.s3.amazonaws.com/photos/30204587/medium.jpeg,34.1619624172,-80.8963365794,187,171,143,133,0.6135891789871029,0.5646219985320331,0.5399811261402957
19617683,2019-01-12,https://inaturalist-open-data.s3.amazonaws.com/photos/30204615/medium.jpeg,34.1619624172,-80.8963365794,201,194,157,153,0.4645098039215686,0.5248039215686274,0.4958823529411765
19617729,2019-01-12,https://inaturalist-open-data.s3.amazonaws.com/photos/30204722/medium.jpeg,34.1619624172,-80.8963365794,231,220,164,159,0.5623638344226579,0.5606753812636166,0.5275599128540305
19617762,2019-01-13,https://inaturalist-open-data.s3.amazonaws.com/photos/30204774/medium.jpg,44.3683589744,-79.6919028511,97,94,206,204,0.3813725490196078,0.3813725490196078,0.4111111111111111
19617925,2019-01-13,https://inaturalist-open-data.s3.amazonaws.com/photos/30205064/medium.jpg,34.4802337469,-87.1263538153,47,42,185,182,0.41209150326797384,0.37434640522875817,0.35637254901960785
19618021,2019-01-13,https://inaturalist-open-data.s3.amazonaws.com/photos/30205179/medium.jpeg,34.1619624172,-80.8963365794,171,163,147,140,0.5723311546840959,0.5587145969498911,0.5566448801742919
19618162,2019-01-13,https://inaturalist-open-data.s3.amazonaws.com/photos/30205476/medium.jpeg,43.31482,-79.8489633333,198,174,223,201,0.19267519181585677,0.18469565217391304,0.1793145780051151
19618971,2019-01-11,https://inaturalist-open-data.s3.amazonaws.com/photos/30206205/medium.jpg,41.4173,-75.714755,147,134,157,145,0.17028657616892912,0.2566257272139625,0.3280327515621633
19618978,2019-01-11,https://inaturalist-open-data.s3.amazonaws.com/photos/30206314/medium.jpg,41.41777,-75.7137583333,183,169,162,151,0.33832244008714596,0.25605664488017427,0.22437908496732023
19619792,2019-01-13,https://static.inaturalist.org/photos/30208176/medium.jpeg,29.6513441985,-82.324786149,40,35,187,182,0.4466230936819172,0.444880174291939,0.3900871459694989
19623063,2019-01-13,https://inaturalist-open-data.s3.amazonaws.com/photos/30212995/medium.jpg,41.0207707915,-81.5875260532,299,274,227,199,0.7865605658709107,0.7302543298486504,0.636131481770427
19627849,2019-01-13,https://inaturalist-open-data.s3.amazonaws.com/photos/30220997/medium.jpeg,43.533014973,-80.2321297101,215,210,186,182,0.13986928104575164,0.12366013071895424,0.1277124183006536
19629556,2019-01-12,https://inaturalist-open-data.s3.amazonaws.com/photos/30223982/medium.jpg,40.696625,-74.501662,224,193,174,150,0.3426176470588235,0.302171568627451,0.2842647058823529
19630108,2019-01-08,https://static.inaturalist.org/photos/30225106/medium.jpeg,43.3022416667,-79.8441611111,40,22,138,126,0.6643962848297214,0.6552830038898151,0.6372945939509407
19630110,2019-01-08,https://static.inaturalist.org/photos/30225125/medium.jpeg,43.304043693,-79.8462300291,140,122,134,122,0.4232436294355799,0.432864967849488,0.4927681193935064
19641266,2019-01-14,https://inaturalist-open-data.s3.amazonaws.com/photos/30244290/medium.jpeg,43.3147483333,-79.8491633333,217,185,156,137,0.40277480689245393,0.3498871063576946,0.33061200237670824
19641275,2019-01-14,https://inaturalist-open-data.s3.amazonaws.com/photos/30244312/medium.jpeg,43.3147766667,-79.8491016667,274,252,160,134,0.12972751097218277,0.12972751097218277,0.12972751097218277
19643002,2019-01-14,https://inaturalist-open-data.s3.amazonaws.com/photos/30247371/medium.jpg,28.544729197,-81.374967458,208,201,178,174,0.37607843137254904,0.27950980392156866,0.2677450980392157
19643513,2019-01-14,https://inaturalist-open-data.s3.amazonaws.com/photos/30248414/medium.jpeg,41.826097,-87.930955,164,152,143,133,0.8963115316056492,0.9109557109557108,0.9398327163033046
19648053,2019-01-12,https://static.inaturalist.org/photos/30256498/medium.jpeg,31.2201089,-85.4674208,193,186,143,137,0.5934173669467787,0.5796218487394958,0.5556022408963586
19648119,2019-01-01,https://inaturalist-open-data.s3.amazonaws.com/photos/30256909/medium.jpg,30.3296,-86.1537638333,54,31,201,184,0.6934549745824256,0.6497639796659405,0.5998547567175018
19648506,2019-01-14,https://inaturalist-open-data.s3.amazonaws.com/photos/30257585/medium.jpeg,30.3942508698,-90.0990753174,149,140,167,162,0.594640522875817,0.5799346405228758,0.6373202614379085
19649318,2019-01-14,https://inaturalist-open-data.s3.amazonaws.com/photos/30259189/medium.jpg,41.2296781345,-73.659596081,18,17,164,161,0.6240196078431373,0.6083333333333334,0.5004901960784314
19649395,2019-01-14,https://inaturalist-open-data.s3.amazonaws.com/photos/30259231/medium.jpg,40.0968118,-83.110274,85,79,208,204,0.34352941176470586,0.3384873949579832,0.31238095238095237
19650426,2019-01-13,https://inaturalist-open-data.s3.amazonaws.com/photos/30261187/medium.jpg,31.5604442,-91.403171,312,306,84,72,0.5474682180564533,0.4989441930618401,0.39504417151475973
19655217,2019-01-14,https://static.inaturalist.org/photos/30270128/medium.jpeg,31.0213890076,-81.4344482422,70,61,167,160,0.7059313725490196,0.6773039215686274,0.6488725490196079
19655558,2019-01-15,https://inaturalist-open-data.s3.amazonaws.com/photos/30270732/medium.jpg,40.0554468889,-76.39653325,54,48,112,108,0.25546218487394956,0.31820728291316525,0.30644257703081235
19655560,2019-01-14,https://inaturalist-open-data.s3.amazonaws.com/photos/30270738/medium.jpg,40.0747878056,-76.3553265278,-1,-4,128,126,0.6860119780129625,0.7495446714250553,0.8394071157054175
19656885,2019-01-14,https://inaturalist-open-data.s3.amazonaws.com/photos/30273225/medium.jpg,38.6457616253,-90.336851017,110,106,274,270,0.7029019607843137,0.7334901960784314,0.7711372549019608
19657260,2019-01-12,https://inaturalist-open-data.s3.amazonaws.com/photos/30273949/medium.jpeg,42.4096652426,-71.3272240798,280,271,240,235,0.3666666666666667,0.369281045751634,0.3835294117647059
19659448,2019-01-15,https://inaturalist-open-data.s3.amazonaws.com/photos/30277743/medium.jpg,42.8575284686,-76.982672196,222,217,176,173,0.3321895424836601,0.28627450980392155,0.2369281045751634
19660502,2019-01-15,https://inaturalist-open-data.s3.amazonaws.com/photos/30279303/medium.jpeg,34.5791514,-82.3738675,232,226,136,128,0.52822906940554,0.5271086212262683,0.5241830065359477
19668961,2019-01-15,https://inaturalist-open-data.s3.amazonaws.com/photos/30293925/medium.jpg,40.8656716667,-73.9310833333,70,62,252,248,0.30056644880174294,0.2601307189542484,0.2202178649237473
19672959,2019-01-13,https://inaturalist-open-data.s3.amazonaws.com/photos/30300500/medium.jpg,26.606999,-80.14021,123,117,108,99,0.30935574229691876,0.298375350140056,0.29445378151260504
19677691,2019-01-16,https://inaturalist-open-data.s3.amazonaws.com/photos/30308081/medium.jpg,47.6683272841,-117.4026768376,100,95,195,191,0.2628758169934641,0.2671895424836601,0.19111111111111112
19679783,2019-01-14,https://static.inaturalist.org/photos/30311279/medium.jpeg,29.1927627669,-81.0375843186,204,192,129,118,0.61701860231272,0.6047511312217194,0.5945198592257416
19679784,2019-01-14,https://static.inaturalist.org/photos/30311290/medium.jpeg,29.1927545401,-81.0376332689,184,178,121,115,0.6120848339335734,0.6271308523409364,0.5653461384553822
19679785,2019-01-14,https://static.inaturalist.org/photos/30311294/medium.jpeg,29.1930845125,-81.0382692252,189,183,117,110,0.2295518207282913,0.2077731092436975,0.20868347338935575
19681676,2019-01-16,https://inaturalist-open-data.s3.amazonaws.com/photos/30314930/medium.jpg,40.704406,-74.014534,125,122,249,246,0.3732843137254902,0.35955882352941176,0.3428921568627451
19683778,2019-01-16,https://inaturalist-open-data.s3.amazonaws.com/photos/30318429/medium.jpeg,29.1360774424,-83.035104007,223,213,86,73,0.5074866310160427,0.4998217468805704,0.4992105933282403
19684433,2019-01-16,https://inaturalist-open-data.s3.amazonaws.com/photos/30319650/medium.jpg,44.4596679053,-93.1507491432,86,80,218,215,0.7904761904761904,0.746358543417367,0.6866946778711485
19684840,2019-01-15,https://static.inaturalist.org/photos/30320451/medium.jpg,42.3621253918,-71.0584007997,218,202,199,186,0.3810841983852365,0.3980392156862745,0.4236282748393475
19687967,2019-01-09,https://static.inaturalist.org/photos/30325748/medium.jpg,42.40622,-71.0953361667,210,203,190,183,0.5038602941176471,0.4134191176470588,0.25269607843137254
19690847,2019-01-14,https://static.inaturalist.org/photos/30332028/medium.jpg,38.95473901,-85.80426783,202,175,141,122,0.5907633053221288,0.590672268907563,0.5926960784313725
19692345,2019-01-17,https://inaturalist-open-data.s3.amazonaws.com/photos/30334661/medium.jpeg,41.74150467,-71.14396667,63,47,213,202,0.5714725105728566,0.5494232987312572,0.5551518646674356
19693806,2019-01-16,https://static.inaturalist.org/photos/30337036/medium.jpg,40.6535901,-73.4694662,114,82,173,145,0.5333292355604728,0.5068658184276845,0.4960845780318397
19693813,2019-01-17,https://inaturalist-open-data.s3.amazonaws.com/photos/30337040/medium.jpeg,31.374201,-94.727804,222,208,115,101,0.18441830065359477,0.15320261437908497,0.1345359477124183
19694490,2019-01-14,https://static.inaturalist.org/photos/30338077/medium.jpeg,29.195088,-81.038147,180,168,88,78,0.30492252845194023,0.30492252845194023,0.3009186891539833
19696030,2019-01-17,https://static.inaturalist.org/photos/30340505/medium.jpg,31.80523667,-85.96621667,72,68,255,251,0.10870588235294118,0.13192156862745097,0.13207843137254902
19699028,2019-01-17,https://inaturalist-open-data.s3.amazonaws.com/photos/30344666/medium.jpg,43.28394444,-79.90097222,217,197,139,119,0.5954026054866391,0.5487706193588546,0.47762215997510116
19699053,2019-01-17,https://static.inaturalist.org/photos/30344736/medium.jpg,45.38820116,-73.76490549,220,194,129,115,0.26384894698620187,0.205441781650932,0.15418058581457275
19699312,2019-01-17,https://static.inaturalist.org/photos/30345138/medium.jpg,30.281655,-81.70812167,106,95,180,172,0.7202251270878722,0.6125998547567175,0.5611837327523602
19699661,2019-01-17,https://static.inaturalist.org/photos/30345780/medium.jpg,32.78590333,-79.94971333,176,168,144,139,0.5353667392883079,0.5893246187363834,0.7331154684095861
19701001,2019-01-17,https://static.inaturalist.org/photos/30348348/medium.jpg,40.63135333,-75.389625,161,153,215,209,0.15972611266728914,0.13843759726112667,0.11640211640211641
19701348,2019-01-17,https://inaturalist-open-data.s3.amazonaws.com/photos/30348889/medium.jpg,48.46353114,-123.3150381,100,95,218,214,0.8718954248366013,0.8518954248366013,0.854640522875817
19704249,2019-01-16,https://inaturalist-open-data.s3.amazonaws.com/photos/30354013/medium.jpg,28.38097664,-81.53641945,91,85,206,202,0.23092436974789915,0.3017366946778711,0.2507563025210084
19704533,2019-01-15,https://static.inaturalist.org/photos/30354448/medium.jpg,42.362195,-71.058445,142,127,130,121,0.46370098039215685,0.4390441176470588,0.4126470588235294
19709745,2019-01-18,https://inaturalist-open-data.s3.amazonaws.com/photos/30364125/medium.jpg,32.78343078,-79.93727563,84,76,264,260,0.6025272331154684,0.5855337690631808,0.41995642701525054
19710811,2019-01-18,https://static.inaturalist.org/photos/30365810/medium.jpg,40.93316333,-75.27603,172,155,204,189,0.8977124183006536,0.8954656862745098,0.9067401960784314
19711164,2019-01-18,https://inaturalist-open-data.s3.amazonaws.com/photos/30366473/medium.jpg,45.45155285,-73.89762603,204,200,94,90,0.23450980392156864,0.2384313725490196,0.21615686274509804
19711776,2019-01-17,https://inaturalist-open-data.s3.amazonaws.com/photos/30367476/medium.jpg,43.0686641,-79.0706929,252,228,203,179,0.3920501960784314,0.3526149019607843,0.32972549019607844
19713124,2019-01-18,https://inaturalist-open-data.s3.amazonaws.com/photos/30369878/medium.jpg,26.03874238,-80.17520708,116,113,202,198,0.5994117647058823,0.5796078431372549,0.39156862745098037
19713125,2019-01-18,https://static.inaturalist.org/photos/30369881/medium.jpg,26.03879287,-80.17516946,80,74,144,135,0.42056022408963584,0.45098039215686275,0.34218487394957986
19713658,2019-01-18,https://inaturalist-open-data.s3.amazonaws.com/photos/30370807/medium.jpg,47.66808383,-117.401166,127,120,138,132,0.3100840336134454,0.27198879551820726,0.2584733893557423
19715126,2019-01-18,https://inaturalist-open-data.s3.amazonaws.com/photos/30373492/medium.jpeg,28.60302763,-81.19842256,194,186,122,118,0.324880174291939,0.3117211328976035,0.3107625272331155
19716857,2019-01-18,https://inaturalist-open-data.s3.amazonaws.com/photos/30376100/medium.jpg,38.5914511,-77.2581071,177,150,151,135,0.5208106772120613,0.521560388861427,0.5330614598780689
19716882,2019-01-18,https://inaturalist-open-data.s3.amazonaws.com/photos/30376146/medium.jpg,34.61361743,-86.48036798,85,82,117,114,0.3301470588235294,0.3321078431372549,0.28750000000000003
19717532,2019-01-18,https://inaturalist-open-data.s3.amazonaws.com/photos/30377007/medium.jpg,34.72998949,-86.64122564,79,75,180,177,0.7392156862745098,0.7174509803921568,0.6915686274509804
19721042,2019-01-18,https://inaturalist-open-data.s3.amazonaws.com/photos/30383534/medium.jpg,28.07130196,-82.37281638,87,82,220,217,0.46895424836601307,0.41160130718954246,0.33464052287581697
19721858,2019-01-18,https://inaturalist-open-data.s3.amazonaws.com/photos/30384989/medium.jpg,48.4141509,-123.3637724,132,114,202,183,0.5444169246646027,0.4852425180598555,0.5009907120743035
19728147,2019-01-18,https://inaturalist-open-data.s3.amazonaws.com/photos/30395622/medium.jpeg,43.31484667,-79.84913333,174,139,136,102,0.17583877995642702,0.17502956738250855,0.18072829131652662
19729330,2019-01-19,https://inaturalist-open-data.s3.amazonaws.com/photos/30397918/medium.jpeg,34.16189528,-80.89629299,185,168,172,149,0.5314270152505447,0.4971132897603486,0.4616013071895425
19729492,2019-01-18,https://inaturalist-open-data.s3.amazonaws.com/photos/30398262/medium.jpeg,43.31480167,-79.84910667,230,195,134,106,0.6500676132521974,0.6516302306363159,0.6551010442491173
19730902,2019-01-19,https://inaturalist-open-data.s3.amazonaws.com/photos/30400474/medium.jpeg,28.06203138,-82.41295339,97,88,198,183,0.42911764705882355,0.4846078431372549,0.34622549019607846
19731174,2019-01-15,https://inaturalist-open-data.s3.amazonaws.com/photos/30401171/medium.jpg,33.77696667,-84.39562167,84,74,206,195,0.36295306001188354,0.32174688057041,0.31883541295306
19731762,2019-01-19,https://static.inaturalist.org/photos/30401811/medium.jpg,35.15775826,-85.01597346,191,186,89,78,0.46034858387799565,0.4605119825708061,0.3781045751633987
19732480,2019-01-19,https://static.inaturalist.org/photos/30402836/medium.jpg,32.78485516,-79.93462997,74,65,190,181,0.36427450980392156,0.3443921568627451,0.3163529411764706
19734090,2019-01-19,https://inaturalist-open-data.s3.amazonaws.com/photos/30405478/medium.jpg,41.46284604,-81.88680794,111,90,141,126,0.8566733511586453,0.8332219251336899,0.8137366310160428
19736334,2019-01-19,https://static.inaturalist.org/photos/30409190/medium.jpg,38.76493,-89.86065,173,166,151,144,0.775,0.7448529411764706,0.7359068627450981
19736967,2019-01-19,https://inaturalist-open-data.s3.amazonaws.com/photos/30409884/medium.jpg,30.42215833,-84.77463667,135,124,262,256,0.6563025210084034,0.6561157796451914,0.6001400560224089
19736973,2019-01-19,https://inaturalist-open-data.s3.amazonaws.com/photos/30409901/medium.jpg,40.79074812,-73.92808045,114,97,165,151,0.6040522875816994,0.4800726216412491,0.37564270152505447
19739198,2019-01-19,https://inaturalist-open-data.s3.amazonaws.com/photos/30413658/medium.jpeg,45.52914671,-122.7784012,175,162,161,152,0.48215686274509806,0.47988795518207283,0.419327731092437
19743788,2019-01-19,https://inaturalist-open-data.s3.amazonaws.com/photos/30422145/medium.jpg,37.24833363,-121.8735695,188,177,91,78,0.35303454715219423,0.3397292250233427,0.34901960784313724
19743792,2019-01-19,https://inaturalist-open-data.s3.amazonaws.com/photos/30419758/medium.jpg,37.24592324,-121.8735481,158,143,115,106,0.40963235294117645,0.37308823529411766,0.3866421568627451
19744561,2019-01-19,https://inaturalist-open-data.s3.amazonaws.com/photos/30422098/medium.jpeg,37.51722754,-122.2776402,159,138,154,132,0.5741687979539641,0.5486553514686507,0.5247926838719678
19744974,2019-01-18,https://inaturalist-open-data.s3.amazonaws.com/photos/30422590/medium.jpg,49.86320667,-119.4426283,98,83,275,255,0.7791433239962652,0.7721638655462185,0.7713702147525677
19746882,2019-01-19,https://inaturalist-open-data.s3.amazonaws.com/photos/30426354/medium.jpeg,40.49930612,-74.26798884,203,183,235,215,0.34593392912720644,0.33800186741363214,0.33316437686185585
19755245,2019-01-20,https://inaturalist-open-data.s3.amazonaws.com/photos/30440179/medium.jpg,35.78524293,-78.66425858,107,101,144,138,0.9635854341736695,0.8006402561024409,0.5536614645858343
19755247,2019-01-13,https://inaturalist-open-data.s3.amazonaws.com/photos/30440176/medium.jpeg,34.16196242,-80.89633658,213,201,145,136,0.6052790346907994,0.5924886877828054,0.6032579185520361
19755263,2019-01-13,https://inaturalist-open-data.s3.amazonaws.com/photos/30440201/medium.jpeg,34.16196242,-80.89633658,214,201,136,125,0.5139589169000933,0.3656395891690009,0.3062324929971989
19755352,2019-01-13,https://inaturalist-open-data.s3.amazonaws.com/photos/30440225/medium.jpeg,34.16196242,-80.89633658,206,193,179,170,0.6885434173669468,0.6868627450980392,0.692296918767507
19755806,2019-01-20,https://inaturalist-open-data.s3.amazonaws.com/photos/30441242/medium.png,31.92881809,-94.66258317,138,125,208,193,0.28774509803921566,0.2990546218487395,0.21938025210084033
19756028,2019-01-20,https://static.inaturalist.org/photos/30441495/medium.jpeg,46.8600711,-71.0191479,246,231,92,80,0.3713612368024133,0.31517722473604826,0.25346907993966816
19756271,2019-01-19,https://inaturalist-open-data.s3.amazonaws.com/photos/30441877/medium.jpeg,43.31456333,-79.849205,204,168,144,120,0.28641017488076315,0.268688924218336,0.2507811340752517
19756442,2019-01-19,https://inaturalist-open-data.s3.amazonaws.com/photos/30442139/medium.jpeg,43.31463333,-79.84884333,213,179,131,113,0.6886215538847118,0.6888633348076072,0.6868052484151556
19757214,2019-01-20,https://inaturalist-open-data.s3.amazonaws.com/photos/30443435/medium.jpg,35.78561794,-78.67794254,90,82,147,141,0.5779022720199191,0.5228758169934641,0.5106131341425459
19757575,2019-01-19,https://inaturalist-open-data.s3.amazonaws.com/photos/30444044/medium.jpeg,38.7545358,-77.4242748,191,181,187,179,0.15979401861754802,0.12057833234303822,0.11273519508813626
19758594,2019-01-03,https://inaturalist-open-data.s3.amazonaws.com/photos/30446023/medium.png,27.7244511,-82.6499017,177,171,125,119,0.6843802112284603,0.650575249555075,0.6300185443827336
19759422,2019-01-19,https://inaturalist-open-data.s3.amazonaws.com/photos/30447369/medium.jpeg,34.16196242,-80.89633658,164,153,178,171,0.6847630718954248,0.6513071895424837,0.6267565359477124
19761764,2019-01-20,https://inaturalist-open-data.s3.amazonaws.com/photos/30451111/medium.jpeg,45.41923669,-94.07198201,187,179,141,129,0.5676554382436736,0.5105413105413106,0.4431707725825373
19762040,2019-01-20,https://inaturalist-open-data.s3.amazonaws.com/photos/30451678/medium.jpeg,45.4192141,-94.0722395,241,231,99,83,0.44206773618538325,0.4996539792387543,0.5764915591905211
19763684,2019-01-20,https://inaturalist-open-data.s3.amazonaws.com/photos/30454277/medium.jpeg,48.41460419,-123.3654175,95,86,198,189,0.5585098039215686,0.4976470588235294,0.49654901960784315
19765318,2019-01-20,https://inaturalist-open-data.s3.amazonaws.com/photos/30456908/medium.jpg,37.53657167,-122.2349033,97,92,165,160,0.5943355119825708,0.6717864923747277,0.5160130718954248
19765531,2019-01-20,https://static.inaturalist.org/photos/30457270/medium.jpeg,37.4481394,-77.58191744,91,79,156,146,0.7519539284245167,0.6877005347593583,0.6512546277252159
19765544,2019-01-18,https://inaturalist-open-data.s3.amazonaws.com/photos/30457314/medium.jpeg,48.42920434,-123.3360946,97,93,177,169,0.7456209150326798,0.7926797385620915,0.8824400871459694
19767223,2019-01-20,https://static.inaturalist.org/photos/30460386/medium.jpg,37.76858768,-122.5018987,84,77,219,215,0.5469607843137255,0.5327450980392157,0.4996078431372549
19769727,2019-01-16,https://inaturalist-open-data.s3.amazonaws.com/photos/30464193/medium.jpeg,39.1086504,-86.5822407,225,220,120,115,0.6746187363834423,0.6698257080610022,0.6394335511982571
19770891,2019-01-13,https://static.inaturalist.org/photos/30466043/medium.jpeg,29.89846443,-95.43821311,173,161,194,185,0.36889894419306185,0.3727300150829563,0.3499547511312217
19776576,2019-01-15,https://inaturalist-open-data.s3.amazonaws.com/photos/30476716/medium.jpg,48.46495593,-123.3165121,57,49,190,182,0.5995158557250061,0.6725732268215928,0.6103122730573711
19782123,2019-01-21,https://static.inaturalist.org/photos/30485931/medium.jpg,25.66831667,-80.15631117,168,151,141,129,0.23500921736215855,0.2071392659627954,0.2
19782591,2019-01-08,https://inaturalist-open-data.s3.amazonaws.com/photos/30486485/medium.jpg,35.43181197,-82.934057,177,173,164,161,0.33568627450980393,0.3819607843137255,0.32862745098039214
19788224,2019-01-21,https://inaturalist-open-data.s3.amazonaws.com/photos/30496855/medium.jpeg,42.40263296,-71.10883505,146,124,196,174,0.33490492605359723,0.31637940620482596,0.284191408132251
19789480,2019-01-21,https://inaturalist-open-data.s3.amazonaws.com/photos/30499065/medium.jpeg,37.44628553,-77.58111175,122,119,199,196,0.7289215686274509,0.5924019607843137,0.4708333333333333
19789894,2019-01-11,https://static.inaturalist.org/photos/30499950/medium.jpg,41.3164571,-81.48774509,141,111,195,170,0.26285213837396,0.24668418235780665,0.21069916800467087
19795058,2019-01-21,https://inaturalist-open-data.s3.amazonaws.com/photos/30509237/medium.jpg,28.54332517,-81.37518746,160,138,183,164,0.2788150042625746,0.26917306052855927,0.25973572037510656
19799708,2019-01-21,https://inaturalist-open-data.s3.amazonaws.com/photos/30518128/medium.jpeg,43.31481,-79.849115,146,123,141,118,0.3653662854030501,0.36836873638344225,0.388963779956427
19800788,2019-01-19,https://inaturalist-open-data.s3.amazonaws.com/photos/30520233/medium.jpg,42.99329907,-72.54153956,183,177,91,84,0.7049019607843138,0.7177871148459384,0.7500700280112045
19802175,2019-01-22,https://static.inaturalist.org/photos/30522289/medium.jpg,47.66850107,-117.4026388,70,65,141,137,0.5271895424836601,0.5428758169934641,0.44300653594771244
19805550,2019-01-22,https://inaturalist-open-data.s3.amazonaws.com/photos/30527096/medium.jpg,42.304148,-71.099605,108,99,253,245,0.8891503267973856,0.8938997821350763,0.8803050108932462
19806243,2019-01-22,https://static.inaturalist.org/photos/30527788/medium.jpg,38.56653813,-90.66951447,111,83,139,124,0.4221940500338066,0.3588742393509128,0.28815922920892495
19807864,2019-01-19,https://inaturalist-open-data.s3.amazonaws.com/photos/30530533/medium.jpeg,28.337143,-80.609512,161,151,176,170,0.5295645530939649,0.5185637891520244,0.5293608352431882
19809984,2019-01-22,https://static.inaturalist.org/photos/30534436/medium.jpg,31.80043,-85.95777833,133,116,229,220,0.6565795206971677,0.6358605664488017,0.4529847494553377
19813914,2019-01-22,https://inaturalist-open-data.s3.amazonaws.com/photos/30540904/medium.jpg,39.030502,-77.498605,181,169,139,132,0.37858220211161386,0.319947209653092,0.247473604826546
19817077,2019-01-21,https://inaturalist-open-data.s3.amazonaws.com/photos/30546523/medium.jpg,28.139275,-81.67867167,108,94,149,139,0.5200237670825906,0.43650623885918005,0.37996434937611406
19818520,2019-01-22,https://static.inaturalist.org/photos/30549138/medium.jpg,40.73748237,-73.49893342,168,143,150,136,0.46269482151835095,0.48094519859225743,0.4868878833584716
19820737,2019-01-22,https://inaturalist-open-data.s3.amazonaws.com/photos/30552989/medium.jpeg,43.31483667,-79.84914167,162,146,88,76,0.9435719989353207,0.9438914027149321,0.9436784668618579
19820761,2019-01-22,https://inaturalist-open-data.s3.amazonaws.com/photos/30553035/medium.jpeg,43.31475667,-79.84909,233,186,185,152,0.44253412149173393,0.4041450403690888,0.37026384083044983
19821107,2019-01-23,https://inaturalist-open-data.s3.amazonaws.com/photos/30553578/medium.jpeg,28.06192474,-82.41045616,90,82,153,149,0.7280174291938998,0.7597385620915033,0.5770806100217865
19821859,2019-01-23,https://inaturalist-open-data.s3.amazonaws.com/photos/30554816/medium.jpeg,41.74147797,-71.14396667,124,104,212,196,0.6773328939418904,0.6452683033997912,0.567528972373263
19823959,2019-01-23,https://inaturalist-open-data.s3.amazonaws.com/photos/30558538/medium.jpg,47.66461859,-117.4001219,135,128,198,190,0.5387799564270153,0.5456971677559913,0.512363834422658
19824631,2019-01-23,https://inaturalist-open-data.s3.amazonaws.com/photos/30559387/medium.jpg,48.46215973,-123.3133386,216,205,107,99,0.4608932461873638,0.3374001452432825,0.3129992737835875
19827578,2019-01-23,https://inaturalist-open-data.s3.amazonaws.com/photos/30564040/medium.jpeg,25.72231286,-80.27898037,79,72,227,224,0.3096813725490196,0.28982843137254904,0.2795343137254902
19828378,2019-01-23,https://inaturalist-open-data.s3.amazonaws.com/photos/30565310/medium.jpg,35.78510208,-78.66499057,141,129,113,104,0.4889592760180996,0.48968325791855205,0.4771945701357466
19828920,2019-01-23,https://static.inaturalist.org/photos/30566314/medium.jpg,40.6422344,-73.44256483,207,199,114,109,0.3006535947712418,0.37719680464778504,0.32839506172839505
19829355,2019-01-08,https://inaturalist-open-data.s3.amazonaws.com/photos/30566191/medium.jpeg,27.81102858,-82.39123821,235,225,103,93,0.3838599902771026,0.3864851725814293,0.3934208394101442
19829526,2019-01-23,https://inaturalist-open-data.s3.amazonaws.com/photos/30567600/medium.jpg,32.786495,-79.93649167,162,150,205,198,0.2410633484162896,0.30433634992458525,0.19524886877828054
19830529,2019-01-23,https://inaturalist-open-data.s3.amazonaws.com/photos/30569141/medium.jpeg,48.46138763,-123.3088913,88,83,170,168,0.6437908496732025,0.6257080610021787,0.6189542483660131
19836490,2019-01-01,https://inaturalist-open-data.s3.amazonaws.com/photos/30580291/medium.jpeg,30.54193361,-91.15555358,143,115,140,117,0.43031890917286453,0.363894523326572,0.2620407933288258
19839451,2019-01-23,https://inaturalist-open-data.s3.amazonaws.com/photos/30586007/medium.jpeg,43.31476,-79.84915167,202,162,156,139,0.3769010043041607,0.3211807216111377,0.2820713109091875
19839996,2019-01-06,https://inaturalist-open-data.s3.amazonaws.com/photos/30586819/medium.jpg,35.081935,-81.681938,200,187,144,137,0.4616946778711485,0.4348389355742297,0.4207983193277311
19841207,2019-01-22,https://inaturalist-open-data.s3.amazonaws.com/photos/30588949/medium.jpeg,34.61492228,-86.66883471,132,128,247,236,0.40372549019607845,0.3545751633986928,0.3443790849673203
19842332,2019-01-08,https://static.inaturalist.org/photos/30590860/medium.jpg,40.77783833,-73.97126667,62,32,210,186,0.5815357368753953,0.5799569892473119,0.5572928526249209
19843464,2019-01-24,https://inaturalist-open-data.s3.amazonaws.com/photos/30592837/medium.jpg,25.72157739,-80.27694985,86,75,177,169,0.39963689179375456,0.4053376906318083,0.29342774146695716
19843714,2019-01-24,https://inaturalist-open-data.s3.amazonaws.com/photos/30593478/medium.jpg,43.62874008,-72.93961713,276,258,138,117,0.5209119054320293,0.469377990430622,0.4296744535134628
19843777,2019-01-24,https://static.inaturalist.org/photos/30593644/medium.jpg,40.933255,-75.27601667,156,128,205,182,0.32405341446923597,0.26848095560063107,0.19980279468109083
19844364,2019-01-24,https://inaturalist-open-data.s3.amazonaws.com/photos/30594482/medium.jpeg,48.4630127,-123.3054047,89,74,284,274,0.5634581105169341,0.5584893048128342,0.5332219251336898
19844406,2019-01-21,https://static.inaturalist.org/photos/30594113/medium.jpeg,31.4776938,-85.631282,171,157,133,122,0.2608932461873638,0.2811111111111111,0.3061873638344227
19844407,2019-01-21,https://static.inaturalist.org/photos/30594142/medium.jpeg,31.4776938,-85.631282,198,181,139,125,0.3338126361655773,0.3252142338416848,0.31580246913580245
19844811,2019-01-20,https://inaturalist-open-data.s3.amazonaws.com/photos/30593268/medium.jpeg,34.5791514,-82.3738675,176,154,120,105,0.323231031543052,0.283578431372549,0.24742114236999146
19844851,2019-01-24,https://inaturalist-open-data.s3.amazonaws.com/photos/30595133/medium.jpg,41.15438226,-87.87604799,126,120,114,112,0.8110177404295051,0.746218487394958,0.6944911297852474
19844904,2019-01-24,https://inaturalist-open-data.s3.amazonaws.com/photos/30595157/medium.jpeg,41.15416718,-87.8758316,107,105,168,164,0.4886274509803922,0.3879738562091503,0.34065359477124185
19845062,2019-01-23,https://inaturalist-open-data.s3.amazonaws.com/photos/30595352/medium.jpg,44.34100842,-78.74063846,188,174,256,243,0.6956676003734827,0.6925490196078431,0.6617927170868347
19846339,2019-01-24,https://inaturalist-open-data.s3.amazonaws.com/photos/30597499/medium.jpg,32.21238,-80.70290333,56,42,156,145,0.9187145969498911,0.7713289760348584,0.5555773420479303
19846859,2019-01-24,https://inaturalist-open-data.s3.amazonaws.com/photos/30598469/medium.jpg,48.46353667,-123.3109367,63,58,181,177,0.4022222222222222,0.4197385620915033,0.3384313725490196
19847536,2019-01-19,https://inaturalist-open-data.s3.amazonaws.com/photos/30599691/medium.jpg,27.86576333,-82.22963,101,93,160,152,0.788961510530138,0.7672718470104091,0.7548293391430646
19847782,2019-01-24,https://inaturalist-open-data.s3.amazonaws.com/photos/30600070/medium.jpg,28.14699746,-82.23645999,129,122,204,202,0.5841503267973857,0.5705882352941176,0.5086601307189542
19847976,2019-01-23,https://inaturalist-open-data.s3.amazonaws.com/photos/30599725/medium.jpg,28.0614208,-82.4131903,112,102,213,205,0.6536343830461477,0.650306991483462,0.45204991087344026
19848413,2019-01-24,https://inaturalist-open-data.s3.amazonaws.com/photos/30601114/medium.jpeg,31.5252233,-91.3806475,201,190,141,131,0.5105169340463458,0.500564468211527,0.3492572786690434
19848673,2019-01-22,https://inaturalist-open-data.s3.amazonaws.com/photos/30601467/medium.jpg,43.678817,-79.809508,182,175,167,160,0.37518382352941176,0.3653799019607843,0.34675245098039215
19849613,2019-01-24,https://inaturalist-open-data.s3.amazonaws.com/photos/30602920/medium.jpg,47.66146402,-122.512385,122,118,198,194,0.26525490196078433,0.27309803921568626,0.26133333333333336
19849845,2019-01-24,https://inaturalist-open-data.s3.amazonaws.com/photos/30603288/medium.jpg,48.47109667,-123.3120283,127,123,178,176,0.3550326797385621,0.36209150326797385,0.3393464052287582
19850343,2019-01-24,https://inaturalist-open-data.s3.amazonaws.com/photos/30604267/medium.jpeg,42.3641448,-71.26086138,178,173,140,137,0.5276143790849673,0.5300653594771242,0.5207516339869281
19852648,2019-01-19,https://inaturalist-open-data.s3.amazonaws.com/photos/30608423/medium.jpg,32.77734667,-79.92513333,70,68,158,157,0.6725490196078432,0.6437908496732027,0.5660130718954248
19854210,2019-01-18,https://inaturalist-open-data.s3.amazonaws.com/photos/30611040/medium.jpeg,34.79185,-86.56257423,197,180,143,126,0.35107722101186156,0.3378721859114016,0.3443960300169451
19854379,2019-01-08,https://inaturalist-open-data.s3.amazonaws.com/photos/30611189/medium.jpg,33.21873345,-80.34575178,192,178,134,125,0.5308496732026143,0.5868235294117647,0.6761045751633987
19854606,2019-01-24,https://inaturalist-open-data.s3.amazonaws.com/photos/30611688/medium.jpg,29.48962,-82.97638667,132,98,228,206,0.8666910242357813,0.7189039093898429,0.5560540738034344
19857187,2019-01-23,https://inaturalist-open-data.s3.amazonaws.com/photos/30616523/medium.jpeg,37.50852,-122.2832154,35,22,242,233,0.7137254901960784,0.7137254901960784,0.7197759103641457
19860864,2019-01-24,https://inaturalist-open-data.s3.amazonaws.com/photos/30623209/medium.jpeg,43.2869923,-79.8789934,216,187,195,166,0.10268845315904139,0.10484095860566449,0.12308932461873638
19861450,2019-01-24,https://inaturalist-open-data.s3.amazonaws.com/photos/30624094/medium.jpeg,43.30099833,-79.84548667,171,151,194,158,0.11056098114921645,0.11056098114921645,0.11056098114921645
19862106,2019-01-24,https://inaturalist-open-data.s3.amazonaws.com/photos/30625220/medium.png,28.05992733,-82.41109791,36,20,200,189,0.572241445597847,0.5227412533640907,0.47468281430219145
19862733,2019-01-20,https://inaturalist-open-data.s3.amazonaws.com/photos/30626444/medium.jpg,37.38829014,-122.077694,95,75,311,292,0.36101774042950513,0.3506816059757236,0.31241830065359477
19862774,2019-01-21,https://static.inaturalist.org/photos/30626226/medium.jpg,33.471632,-84.305562,306,277,161,130,0.48881127450980394,0.42683823529411763,0.3607924836601307
19863020,2019-01-25,https://inaturalist-open-data.s3.amazonaws.com/photos/30626927/medium.jpg,28.0716025,-82.37640258,107,99,152,147,0.41299927378358753,0.4251270878721859,0.4314451706608569
19863125,2019-01-23,https://inaturalist-open-data.s3.amazonaws.com/photos/30627054/medium.jpg,43.739584,-79.592888,92,84,225,219,0.8224089635854341,0.8750700280112045,0.9406162464985994
19864223,2019-01-25,https://inaturalist-open-data.s3.amazonaws.com/photos/30628829/medium.jpeg,42.39688342,-71.08123751,202,150,174,142,0.37229341136111394,0.3418065224946468,0.3140057623964394
19864531,2019-01-25,https://inaturalist-open-data.s3.amazonaws.com/photos/30629459/medium.jpg,47.66872291,-117.4032648,96,90,185,180,0.8644257703081233,0.8722689075630252,0.8605042016806723
19865573,2019-01-25,https://static.inaturalist.org/photos/30631333/medium.jpg,42.72363575,-83.15850874,113,103,229,225,0.9923707664884136,0.9808912655971479,0.9612834224598931
19865786,2019-01-25,https://static.inaturalist.org/photos/30631783/medium.jpeg,48.46389008,-123.3111115,9,6,153,149,0.43176470588235294,0.5233333333333333,0.4972549019607843
19865836,2019-01-25,https://inaturalist-open-data.s3.amazonaws.com/photos/30631926/medium.jpg,47.66857167,-117.4034367,104,92,199,189,0.6714109419991773,0.6063348416289592,0.54583847525024
19866600,2019-01-25,https://inaturalist-open-data.s3.amazonaws.com/photos/30633119/medium.jpg,47.66144537,-122.5123815,92,90,133,132,0.18627450980392157,0.27124183006535946,0.234640522875817
19866671,2019-01-20,https://inaturalist-open-data.s3.amazonaws.com/photos/30633039/medium.png,38.05634747,-76.64674528,86,82,185,182,0.22901960784313724,0.3311764705882353,0.28509803921568627
19867239,2019-01-25,https://inaturalist-open-data.s3.amazonaws.com/photos/30634222/medium.jpeg,28.06294586,-82.41149569,93,91,193,191,0.4496732026143791,0.46971677559912856,0.48714596949891065
19867422,2019-01-25,https://inaturalist-open-data.s3.amazonaws.com/photos/30634717/medium.jpg,40.79072591,-73.9268064,93,77,201,187,0.3245213379469435,0.33162629757785467,0.3381314878892734
19868451,2019-01-25,https://inaturalist-open-data.s3.amazonaws.com/photos/30636517/medium.jpeg,28.062911,-82.411493,93,84,210,206,0.2416470588235294,0.2691764705882353,0.19631372549019607
19868573,2019-01-25,https://inaturalist-open-data.s3.amazonaws.com/photos/30636713/medium.jpg,47.66144418,-122.5123818,107,101,143,138,0.21718020541549954,0.38300653594771245,0.40476190476190477
19868743,2019-01-25,https://inaturalist-open-data.s3.amazonaws.com/photos/30636974/medium.jpg,29.50394033,-95.5059261,98,94,167,162,0.12849673202614378,0.15529411764705883,0.16431372549019607
19868998,2019-01-25,https://inaturalist-open-data.s3.amazonaws.com/photos/30637421/medium.jpg,47.66832469,-117.4025526,81,76,118,114,0.11071895424836602,0.13830065359477126,0.12640522875816995
19869427,2019-01-25,https://inaturalist-open-data.s3.amazonaws.com/photos/30638190/medium.jpg,28.05895283,-82.41116333,99,90,157,148,0.42345098039215684,0.46694117647058825,0.4719607843137255
19871672,2019-01-04,https://inaturalist-open-data.s3.amazonaws.com/photos/30642133/medium.jpeg,43.56454139,-79.67189,175,133,167,134,0.6024301923231673,0.6528526595316649,0.7681660899653979
19871683,2019-01-13,https://inaturalist-open-data.s3.amazonaws.com/photos/30642204/medium.jpeg,43.58627806,-79.54286306,172,153,192,183,0.7126862745098039,0.693156862745098,0.7056078431372549
19872605,2019-01-25,https://inaturalist-open-data.s3.amazonaws.com/photos/30643719/medium.jpg,43.597301,-79.508902,65,55,208,199,0.3635294117647059,0.34370766488413546,0.30406417112299466
19875481,2019-01-18,https://inaturalist-open-data.s3.amazonaws.com/photos/30648313/medium.jpg,41.84815342,-87.61009527,86,68,172,156,0.9001031991744066,0.8995811327627026,0.9168578886663024
19876471,2019-01-25,https://inaturalist-open-data.s3.amazonaws.com/photos/30649979/medium.jpeg,43.31481167,-79.849135,209,171,137,100,0.23853563017649707,0.24427244582043345,0.2536159403032468
19876526,2019-01-25,https://inaturalist-open-data.s3.amazonaws.com/photos/30650049/medium.jpeg,43.3151236,-79.8494562,147,123,211,186,0.22791553544494722,0.20692006033182503,0.1869502262443439
19880281,2019-01-26,https://inaturalist-open-data.s3.amazonaws.com/photos/30656722/medium.jpeg,42.0857172,-76.03709551,211,152,214,167,0.29320125272331155,0.34525054466230937,0.41015522875816995
19881066,2019-01-25,https://static.inaturalist.org/photos/30658043/medium.jpg,40.70620196,-73.50179286,234,228,127,121,0.41832733093237295,0.4387354941976791,0.3451780712284914
19883165,2019-01-26,https://inaturalist-open-data.s3.amazonaws.com/photos/30661495/medium.jpg,47.66754308,-117.4043079,97,90,193,187,0.4451680672268908,0.40336134453781514,0.2822829131652661
19883175,2019-01-24,https://inaturalist-open-data.s3.amazonaws.com/photos/30661508/medium.jpg,43.74186,-79.480694,226,207,188,170,0.1428998968008256,0.14267285861713105,0.14800825593395253
19884287,2019-01-26,https://inaturalist-open-data.s3.amazonaws.com/photos/30663438/medium.jpg,38.04553881,-78.4815131,260,230,168,144,0.6586565464895635,0.6575028462998103,0.673943074003795
19885193,2019-01-26,https://static.inaturalist.org/photos/30664987/medium.jpg,40.743045,-73.988275,181,166,129,121,0.6437091503267974,0.5497276688453159,0.48137254901960785
19885358,2019-01-26,https://inaturalist-open-data.s3.amazonaws.com/photos/30665173/medium.jpg,49.20974264,-124.0192153,72,59,137,126,0.3623249299719888,0.3645891690009337,0.3445845004668534
19885492,2019-01-26,https://inaturalist-open-data.s3.amazonaws.com/photos/30665385/medium.jpeg,43.08219445,-79.07122146,73,64,214,208,0.3456582633053221,0.3380392156862745,0.3084593837535014
19886435,2019-01-13,https://inaturalist-open-data.s3.amazonaws.com/photos/30666925/medium.jpeg,38.841782,-76.51218,195,185,144,136,0.515032679738562,0.5448999801940978,0.5887898593780947
19887173,2019-01-23,https://inaturalist-open-data.s3.amazonaws.com/photos/30668121/medium.jpeg,42.30390833,-71.12140833,186,156,190,160,0.9417436901919977,0.9430536002121973,0.9415845422456184
19887180,2019-01-23,https://inaturalist-open-data.s3.amazonaws.com/photos/30668209/medium.jpeg,42.30347167,-71.12100167,153,122,211,179,0.270941027926322,0.24941696375519906,0.23227495543672014
19887918,2019-01-26,https://static.inaturalist.org/photos/30669618/medium.jpg,40.63582,-73.97252833,134,106,266,249,0.8944106378183457,0.88777702651942,0.8531440162271805
19887938,2019-01-15,https://inaturalist-open-data.s3.amazonaws.com/photos/30672236/medium.png,28.09616983,-82.52207106,184,121,217,188,0.5091646241830066,0.5218852124183007,0.519797794117647
19888990,2019-01-24,https://inaturalist-open-data.s3.amazonaws.com/photos/30670939/medium.jpeg,42.40557306,-85.39883139,231,202,156,138,0.18313037495700035,0.18837977296181632,0.22137598899208807
19890455,2019-01-13,https://static.inaturalist.org/photos/30673960/medium.jpg,31.09067217,-85.80696167,128,122,272,266,0.6160864345738295,0.5833533413365346,0.45754301720688273
19890686,2019-01-26,https://inaturalist-open-data.s3.amazonaws.com/photos/30674392/medium.jpg,47.66249436,-117.4171716,109,95,181,180,0.37254901960784315,0.33450980392156865,0.30366013071895426
19892401,2019-01-26,https://inaturalist-open-data.s3.amazonaws.com/photos/30677403/medium.jpeg,45.3688693,-75.79615997,189,153,131,100,0.2561373873873874,0.24829093799682034,0.2325218600953895
19892843,2019-01-26,https://static.inaturalist.org/photos/30678240/medium.jpg,40.64417656,-73.50118477,199,177,140,122,0.24725624803697221,0.19687710324404362,0.16018306636155608
19893161,2019-01-26,https://inaturalist-open-data.s3.amazonaws.com/photos/30678378/medium.jpg,25.82959526,-80.24952755,162,153,186,178,0.42989106753812634,0.40644880174291936,0.42840958605664486
19893658,2019-01-26,https://static.inaturalist.org/photos/30679663/medium.jpg,41.10430447,-73.83865818,205,163,154,130,0.25935248518011855,0.25984131326949383,0.2678923848609211
19894946,2019-01-26,https://inaturalist-open-data.s3.amazonaws.com/photos/30681736/medium.jpeg,32.28817366,-80.97602505,165,149,149,134,0.6110438292964244,0.6119809688581315,0.6120386389850058
19899939,2019-01-26,https://inaturalist-open-data.s3.amazonaws.com/photos/30691292/medium.jpg,48.41374667,-123.3612583,95,87,203,192,0.46989832970225126,0.6403413217138707,0.50319535221496
19904545,2019-01-27,https://static.inaturalist.org/photos/30699265/medium.jpg,33.85066167,-84.299325,48,40,285,280,0.670079883805374,0.6626724763979666,0.6201161946259985
19905396,2019-01-27,https://inaturalist-open-data.s3.amazonaws.com/photos/30700873/medium.jpg,37.04964732,-76.39943842,123,82,298,265,0.6376970396001538,0.6123002142033284,0.5920662382600099
19905731,2019-01-27,https://inaturalist-open-data.s3.amazonaws.com/photos/30701366/medium.jpg,43.59993954,-79.51381197,92,86,233,227,0.38351340536214484,0.36646658663465387,0.3317326930772309
19906481,2019-01-26,https://inaturalist-open-data.s3.amazonaws.com/photos/30702632/medium.jpg,42.85887095,-76.98535047,105,98,214,210,0.4507843137254902,0.43558823529411766,0.4201960784313725
19907104,2019-01-24,https://inaturalist-open-data.s3.amazonaws.com/photos/30703905/medium.jpeg,49.1723155,-123.9696919,206,193,100,84,0.20949085516559565,0.301565332015159,0.19092107431207778
19908303,2019-01-27,https://inaturalist-open-data.s3.amazonaws.com/photos/30706117/medium.jpg,42.85749862,-76.98479725,90,84,200,197,0.5170868347338936,0.5719887955182072,0.6739495798319328
19908552,2019-01-27,https://inaturalist-open-data.s3.amazonaws.com/photos/30706528/medium.jpg,31.893805,-85.1399305,203,188,150,138,0.19596530920060332,0.17420814479638008,0.14202488687782805
19908974,2019-01-27,https://inaturalist-open-data.s3.amazonaws.com/photos/30707354/medium.jpg,42.856605,-76.988395,106,104,230,229,0.40588235294117647,0.3254901960784314,0.2784313725490196
19911225,2019-01-27,https://inaturalist-open-data.s3.amazonaws.com/photos/30711147/medium.jpeg,39.61055687,-84.14190324,204,152,167,114,0.32898288595661884,0.311771556980584,0.3373754812896507
19911414,2019-01-15,https://inaturalist-open-data.s3.amazonaws.com/photos/30711639/medium.jpg,28.06158451,-82.41331043,70,53,229,211,0.6756335282651073,0.6903910102052517,0.588051828918702
19911517,2019-01-27,https://inaturalist-open-data.s3.amazonaws.com/photos/30711760/medium.jpeg,41.15243515,-87.89586846,186,178,104,89,0.7931917211328976,0.6987472766884532,0.6334150326797385
19911640,2019-01-26,https://static.inaturalist.org/photos/30711960/medium.jpg,27.10447783,-80.27926667,145,130,129,115,0.4843627450980392,0.513545751633987,0.36348039215686273
19911821,2019-01-27,https://inaturalist-open-data.s3.amazonaws.com/photos/30712319/medium.jpg,43.5927,-79.512200000000007,126,120,197,193,0.5408403361344538,0.5657142857142857,0.6045938375350141
19912576,2019-01-26,https://inaturalist-open-data.s3.amazonaws.com/photos/30713548/medium.jpg,40.0722016,-82.8775218,184,161,120,102,0.7027949776401788,0.7050223598211214,0.7132094943240455
19914248,2019-01-27,https://inaturalist-open-data.s3.amazonaws.com/photos/30716612/medium.jpg,35.78541154,-78.66856453,113,104,123,117,0.30907563025210083,0.29518207282913167,0.24739495798319328
19916539,2019-01-27,https://inaturalist-open-data.s3.amazonaws.com/photos/30719224/medium.jpg,30.4157461,-88.54172001,201,184,128,123,0.4469135802469136,0.4320261437908497,0.40610021786492373
19916789,2019-01-27,https://inaturalist-open-data.s3.amazonaws.com/photos/30721226/medium.jpg,35.78538882,-78.66856688,122,108,141,132,0.2268235294117647,0.2237124183006536,0.20899346405228758
19917842,2019-01-10,https://inaturalist-open-data.s3.amazonaws.com/photos/30723408/medium.jpg,42.905849,-81.293027,134,91,246,211,0.5641042780748663,0.500188156070509,0.5004084967320261
19918429,2019-01-26,https://inaturalist-open-data.s3.amazonaws.com/photos/30724230/medium.jpeg,34.72507703,-86.57531709,97,95,177,175,0.17995642701525055,0.110239651416122,0.0784313725490196
19919092,2019-01-22,https://inaturalist-open-data.s3.amazonaws.com/photos/30725653/medium.jpeg,34.77517781,-82.35179901,212,203,112,101,0.49091503267973857,0.4683660130718954,0.45918300653594774
19919266,2019-01-25,https://inaturalist-open-data.s3.amazonaws.com/photos/30725829/medium.jpeg,43.43404335,-79.73545267,141,132,171,166,0.27908496732026145,0.2633986928104575,0.25947712418300656
19920620,2019-01-27,https://inaturalist-open-data.s3.amazonaws.com/photos/30726725/medium.jpeg,40.79102333,-73.92781,241,234,119,114,0.4612745098039216,0.46348039215686276,0.4701797385620915
19921316,2019-01-20,https://inaturalist-open-data.s3.amazonaws.com/photos/30729418/medium.jpeg,44.84326312,-93.37070747,139,111,252,225,0.3597797739785569,0.3373756399111369,0.2993045494059693
19921743,2019-01-17,https://inaturalist-open-data.s3.amazonaws.com/photos/30730335/medium.jpg,28.06286667,-82.4133,119,83,233,217,0.25428473456155115,0.30400573583964585,0.3431341375978054
19921921,2019-01-24,https://inaturalist-open-data.s3.amazonaws.com/photos/30730714/medium.jpg,43.45359186,-80.54653552,219,219,148,145,0.4137254901960784,0.3480392156862745,0.26862745098039215
19923070,2019-01-27,https://inaturalist-open-data.s3.amazonaws.com/photos/30732761/medium.jpg,43.7315479,-79.7624177,173,154,174,163,0.6233333333333333,0.5725653594771242,0.5453431372549019
19923513,2019-01-21,https://inaturalist-open-data.s3.amazonaws.com/photos/30733618/medium.jpg,35.52607867,-82.85334354,77,68,235,230,0.5405882352941176,0.6435294117647059,0.38816993464052285
19923788,2019-01-16,https://inaturalist-open-data.s3.amazonaws.com/photos/30734182/medium.jpg,37.11461013,-76.47625025,195,184,128,122,0.7600840336134453,0.7060690943043885,0.680999066293184
19923790,2019-01-19,https://inaturalist-open-data.s3.amazonaws.com/photos/30734113/medium.jpeg,40.70165073,-74.01544871,221,190,202,175,0.3447216386554622,0.4396271008403361,0.2871017156862745
19923878,2019-01-19,https://inaturalist-open-data.s3.amazonaws.com/photos/30734250/medium.jpeg,40.73095059,-73.9983926,246,215,183,154,0.5002165032679738,0.488578431372549,0.4594035947712418
19924025,2019-01-22,https://inaturalist-open-data.s3.amazonaws.com/photos/30734480/medium.jpeg,40.75250599,-73.95881305,210,194,157,142,0.42802768166089966,0.4201845444059977,0.43367935409457903
19925685,2019-01-18,https://inaturalist-open-data.s3.amazonaws.com/photos/30737498/medium.jpg,47.66842102,-117.4037224,123,116,252,243,0.29362745098039217,0.20813725490196078,0.1923529411764706
19927915,2019-01-26,https://inaturalist-open-data.s3.amazonaws.com/photos/30741999/medium.jpeg,43.314925,-79.84912,251,207,138,97,0.1850959643116506,0.1541964934121797,0.1282809420064322
